C04	Make room for	 the main display.	Nine little faces worth putting front and center. Bring home the complete collection and give your favorite corner a proper cast.	A display with a point of view	Start with the whole gang. Play with heights, group the colors, and let those unmistakable faces do the rest.	Give them the spotlight.	Your next display starts with all nine.
C07	The best part?	Making it yours.	One complete set. Countless little rearrangements. Nine separate plushes to line up, mix around, and fall for all over again.	The arrangement is part of the fun	Try a color story today and a new favorite up front tomorrow. Each plush is separate, so the scene is yours to change.	Arrange your own little world.	All nine included. The first arrangement is up to you.
C09	You kept the story.	Give it a place.	Some favorites stay with you. These nine little disguises bring that familiar feeling into the room you have made your own.	A collection that feels like you	A familiar silhouette, a crooked little smile, a color you remember. Display the whole cast alongside the things you never stopped loving.	Make room for an old feeling.	Nine new additions to a story that is already yours.
E04	Nine designs.	One complete set.	The full collection, with nothing left to choose. Nine separate plushes, one of every pictured design, ready for your own arrangement.	The satisfaction of the full picture	Warm tan through pink ribbon: every color has a place. Keep the group together and see how the nine silhouettes work as one collection.	Complete looks good on you.	One set brings every pictured design home.
E07	Too many favorites?	Keep them all.	The bright one. The moody one. The one you noticed last. With all nine included, changing your mind is part of the fun.	Your favorites do not need a ranking	Pair the loud colors. Give the quieter ones their own corner. Make an arrangement as expressive as the things you love.	Keep the whole mood board.	Nine personalities. Plenty of room to have favorites.
E08	A quieter kind	 of mischief.	Nine distinctive silhouettes. Soft textures. A collection with enough character to hold your attention without asking for it.	Let the details set the tone	Arrange the colors together or give each silhouette room to stand out. The collection brings a playful contrast to a considered space.	A place for all nine.	Bring the complete collection into your own setting.
E09	From 01 to 09.	Every one included.	Follow the colors, spot the details, count the little faces. The complete index becomes a collection you can hold.	One collection, nine individual characters	Explore the full lineup below. Each pictured design is a separate plush, with its own ears, colors, and little disguise.	Finish the index.	All nine pictured designs arrive as one complete set.
G02	You remembered	 their favorite.	That is the lovely part. The surprise is that their favorite comes with the whole little gang: nine plushes, one of every design.	A gift that says you noticed	Think of the one they would reach for first. Then picture them discovering the other eight. The full set lets their favorites keep changing.	Bring their favorite some company.	All nine included. Gift wrapping and display props are not included.
G06	Thinking of you.	Something to keep.	Some messages deserve a little company. Send the complete nine-plush collection as a tangible reminder of someone who knows them.	A place in their everyday	On a desk, beside a book, or in their favorite corner, a little face can become part of the room they return to.	Make the thought tangible.	Nine small companions for someone on your mind.
G09	Plot twist:	This one is yours.	No birthday required. No person to shop for. Just nine little faces you want to come home to, all in one complete set.	You already know where they will go	That spot on the shelf. The corner of the bed. The desk that could use a little personality. This time, you are the person receiving the gift.	Put your own name on it.	Bring all nine home for yourself.
H01	The council	 has decided.	Your request for just one has been reviewed. The verdict: nine separate plushes, one complete collection, and a very full little meeting.	A place for every opinion	Give them a shelf and imagine the agenda. Which one runs the meeting? Which one never takes notes? The whole cast makes the joke yours.	Motion to bring them home?	All nine members are included in the set.
H06	Nine suspects.	One innocent purchase.	Nobody is admitting anything. Meet the complete cast of soft little troublemakers, each with a face that tells its own story.	The scene is yours to set	Line them up and pick your prime suspect. Move them to the shelf and start a different story. Nine separate characters give the mischief somewhere to go.	Take the whole lineup home.	Snacks and props are your department. All nine plushes are ours.
H07	Your kind	 of company.	Nine soft little faces. Zero small talk required. The complete collection brings its own cheerful energy to your favorite corner.	A full crew for a quiet moment	Settle into your room, put on something you like, and let the gang claim a spot nearby. Company can be this uncomplicated.	Make room for your crew.	All nine designs, ready for a place in your day.
I02	Spotted your match?	Meet the other eight.	The ears give one away. The little face makes you look again. Explore all nine designs in the complete collection.	Look for the little differences	Pointed ears, ribbons, a leafy outline: every silhouette brings a new detail to notice. The gallery shows each design before you choose the set.	Keep every match.	The whole lineup is included, whichever one caught your eye first.
L01	Your room.	Nine ways to belong.	Warm neutrals, bright accents, or a moodier corner. One complete collection gives you nine little personalities to arrange around your own style.	Start with the colors already around you	Try warm tan near wood, lavender beside a favorite print, or charcoal in a darker nook. Keep the gang together or create little moments around the room.	Make the room a little more you.	All nine included. Arrange them your way.
L02	Movie night	 has a bigger cast.	Pick the film. Find the blanket. Make room for nine soft little companions, all included in one complete collection.	The ritual starts before the opening scene	Choose who gets the best spot beside you. Let the others gather nearby. When the credits roll, the whole cast stays home.	Invite the whole cast.	Nine plushes. Your next night in, with extra personality.
L03	Who gets	 night shift?	Tonight, the warm tan one. Tomorrow, maybe charcoal. With nine separate plushes, choosing your bedside companion becomes a little ritual.	A different face beside the lamp	Keep the full collection on display and let one take the nightstand. At about eight inches tall, each has a small spot to call its own.	Bring the night crew home.	Every pictured design is included, so nobody misses a turn.
L05	Current read.	New reading buddy.	A lamp, a few more pages, and a soft little face beside you. Nine companions for the corner you keep coming back to.	Save them a place beside your book	Choose a new reading buddy when you start a new story, or let your favorite become a regular. The other eight can keep the shelf company.	Turn the page with company.	All nine included. The next chapter is yours.
L06	Every quest	 needs a party.	Your controller is ready. Your crew can be too. Nine separate plush companions to gather around your gaming corner.	Build the party around your setup	Put your favorite beside the screen and let the rest take the shelf. Swap the lineup whenever you feel like a different kind of quest.	Recruit the whole party.	All nine companions are included. No roster decisions required.
L08	The whole crew.	Along for the story.	Nine little personalities, ready to become part of yours. Start with the complete set and imagine the places you will give them at home and away.	They already have a group dynamic	Pick the chatterbox. Find the quiet one. Give the gang names and a place to gather. The fun is getting to know the whole cast.	Bring the group together.	Nine separate plushes. Plenty of stories to make your own.
N01	Nine little faces.	Meet the mischief.	Scribbled eyes. Wonky smiles. Nine distinct designs sharing one suspiciously adorable expression. Every one is included.	It starts with that little face	Look closer at the ears, colors, and zigzag smiles. Then step back and see the personality of the whole group together.	Answer the roll call.	Bring every little face home in the complete set.
P03	One shelf.	The whole mischief.	Turn a favorite display spot into a home for the full gang. Nine separate plushes, with every pictured design included.	Picture the group in your space	Line them up, stagger them, or group the colors. Check the individual height below and plan an arrangement for your own shelf.	Give your shelf a cast.	All nine included. Your shelf sets the scene.
S01	Name this	 little group chat.	You know the personalities already. The dramatic one. The quiet one. The one who starts everything. Bring home all nine and make the cast yours.	The names are only the beginning	Give the group a shelf, then let each face suggest a role. The complete collection keeps every personality in the conversation.	Get the gang together.	Nine plushes. One very personal group name.
S03	Found your seat?	Meet your company.	One face caught your eye. Another would make the perfect neighbor. Bring the complete nine-plush cast into your own little scene.	Make a place for yourself in the group	Arrange the crew around your favorite corner and choose who sits closest. Tomorrow, switch the seating plan. Every design comes with the set.	Save a spot for all nine.	The plushes are included. Chairs and display props are not.
S04	Pick your top three.	Keep all nine.	Favorites are fun. Leaving the others behind is optional. This complete collection includes every pictured design.	Your top three can change tomorrow	Start with the colors you noticed first. Look closer at the little faces. Having the full set leaves room for a surprise favorite.	Nobody gets left out.	Bring home your top three, and the other six too.
T02	All nine.	One complete set.	One of every pictured design. Nine separate plushes. A clear, complete offer for the collection you came to see.	See exactly what is included	Explore every design in the gallery. Check the size, see the customer photos, and picture the full group in your own space.	Bring the complete set home.	All nine designs, with free shipping for this set.
V04	Choose the set.	Get all nine.	No random selection. No guessing which design arrives. The complete collection includes one of every pictured plush.	The lineup is the promise	What you see in the collection gallery is the nine-design set. Each character is separate, so you can arrange the whole group your way.	Every window. Every design.	One full set. All nine pictured plushes included.
V08	One gift.	The whole crew.	A favorite face is a thoughtful start. The other eight make it a whole collection. Give someone every pictured design in one set.	A surprise they can keep discovering	There is the one they spot first, the one they hold next, and the one that earns a place beside their bed. Nine little discoveries in one gift.	Give them the whole gang.	All nine plushes included. Add your own wrapping and personal note.
V10	See what	 the full set brings.	Nine separate plushes, one of every design. Explore the full lineup and see the size and details behind the complete-set price below.	Count the pieces. Notice the details.	Each design has its own color and silhouette. The price covers the complete nine-plush collection, with free shipping for this set.	The full picture, all yours.	Every pictured design is included in the complete set.
C05	One collection.	Your kind of display.	Keep the nine together or make three smaller groups. One complete set gives you several ways to make your space feel like yours.	Try the arrangement that fits today	A group on the shelf, a few beside your books, and a favorite on the desk. Nine separate plushes let you decide what belongs where.	Make the whole set your own.	All nine designs. Your arrangement, whenever you want to change it.
